,prompt,original_target,chatgpt-4o-latest,claude-3.5-sonnet,llama-3.1-405b-instruct,ensemble
0,Which poem did you go to hear a recital of last night?,1,1.0,1,1,1.0
1,Chris liked which pictures of himself?,1,1.0,1,0,1.0
2,"They said that Tom was working, and he is working.",1,1.0,1,0,1.0
3,Owners of a pig loves to eat truffles,0,0.0,0,0,0.0
4,Willy is taller than Bill is strong and.,0,0.0,0,0,0.0
5,He does may leave here.,0,0.0,0,0,0.0
6,John deposited some money in the checking account and Mary did the same thing.,1,1.0,1,1,1.0
7,"Sally suspected Joe, but he didn't Holly.",1,0.0,0,0,0.0
8,It was not until I was perhaps twenty-five or thirty that I read and enjoyed them.,1,1.0,1,1,1.0
9,The book valued at $200.,0,0.0,0,0,0.0
10,There tries to leave the country.,0,0.0,0,0,0.0
11,My niece could write me you letters.,0,0.0,0,0,0.0
12,John thinks that most depictions of himself are wrong.,1,1.0,1,0,1.0
13,"The more contented I laughed at the nurse who thought that we were becoming, the more angry we grew at the doctors.",0,0.0,0,0,0.0
14,Only the best students would he give this book.,0,0.0,0,0,0.0
15,Catherine did her homework.,1,1.0,1,1,1.0
16,John is more than five feet short.,0,1.0,1,0,1.0
17,The student knowing the answers.,0,0.0,0,0,0.0
18,"The earth is flat, but will all those who don't believe it please raise their hands?",1,1.0,1,1,1.0
19,The equipment we bought last year was more expensive than the one we bought this year.,0,1.0,1,0,1.0
20,I am more angry today than I was yesterday.,1,1.0,1,1,1.0
21,The equipment we bought last year was more expensive than the one we bought this year.,0,1.0,1,0,1.0
22,We need more intelligent leaders.,1,1.0,1,1,1.0
23,"Hank plays the guitar and finds arrangements for all the old folk songs which are still sung in these hills, and Ernie writes down all the old folk songs which are still sung in these hills.",1,1.0,0,1,1.0
24,She held his arm.,1,1.0,1,1,1.0
25,Someone tried to leave the town.,1,1.0,1,1,1.0
26,The man whose car I hit last week sued me.,1,1.0,1,1,1.0
27,Sue knows the answer.,1,1.0,1,1,1.0
28,I thought of the moon,1,0.0,0,0,0.0
29,"That piano, the boy's playing which loudly drove everyone crazy, was badly out of tune.",0,0.0,0,1,0.0
30,John tries him to win.,0,0.0,0,0,0.0
31,Susan hopes herself to sleep.,1,0.0,0,0,0.0
32,Fanny continued talking although in came Aunt Norris.,0,0.0,1,0,0.0
33,Fred offered the ball under Molly.,0,1.0,1,0,1.0
34,Give the bottle to the baby awake.,0,0.0,0,0,0.0
35,"It is important the more you eat, the more careful for you to be.",0,0.0,0,0,0.0
36,the book of poems with a red cover from Blackwell by Robert Burns takes a very long time to read.,1,0.0,0,0,0.0
37,"They said that Tom would pay up, and pay up it is well-known that he did.",1,0.0,0,0,0.0
38,No doubt that he was forced to leave his family against his will.,1,0.0,0,0,0.0
39,There was a snake behind the car Fred was sitting in.,1,1.0,1,1,1.0
40,Louis begged Kate to leave.,1,1.0,1,1,1.0
41,The proposal did be endorsed by Clinton.,0,0.0,0,0,0.0
42,John convinced the rice to be cooked by Bill.,0,1.0,0,0,0.0
43,"The more he reads, the more people I wonder what he will give to.",0,0.0,0,0,0.0
44,John promised Bill to leave tomorrow morning.,1,1.0,1,0,1.0
45,Joseph has forgotten how many matches he has won.,1,1.0,1,1,1.0
46,Paula spanked her right hand into the naughty child.,0,0.0,1,0,0.0
47,Steve pelted acorns to Anna.,0,1.0,0,1,1.0
48,A programme about Euripides is on a Radio 4 tonight.,1,0.0,0,0,0.0
49,Our team played all well.,0,0.0,0,0,0.0
50,There arrived a new actor.,1,1.0,1,1,1.0
51,Flies swat easily.,0,0.0,1,1,1.0
52,He can can go,0,0.0,0,0,0.0
53,Who do you think you saw?,1,1.0,1,1,1.0
54,Can will he do it?,0,0.0,0,0,0.0
55,John's refusal of the offer was shocking.,1,1.0,1,1,1.0
56,Each student speaks two languages.,1,1.0,1,1,1.0
57,I would like to might do it,0,0.0,0,0,0.0
58,The chicken was eaten.,1,1.0,1,1,1.0
59,The letter got written by a poet.,0,1.0,1,1,1.0
60,The president appointed press secretary to Smith.,0,0.0,0,0,0.0
61,We have not confirmed whether the flight had been booked.,1,1.0,1,1,1.0
62,Here's a pole for you to kiss the girl who tied the string around.,0,1.0,0,0,0.0
63,Jerry's sister has a blemish on the end of her nose.,1,1.0,1,1,1.0
64,Professor Smith would support Sue and Prof Jones Bill.,0,0.0,0,0,0.0
65,To him presented itself a wonderful opportunity.,0,1.0,1,0,1.0
66,Rub the cloth on the baby torn.,1,0.0,0,0,0.0
67,"Fluffy is sick, which I fell asleep and Tom suddenly realized.",0,0.0,0,0,0.0
68,The chicken has eaten.,1,1.0,1,1,1.0
69,Stephen persuaded it to be easy to please Kim.,0,0.0,0,0,0.0
70,I brought John a razor with which to shave himself.,1,1.0,1,1,1.0
71,The squirrel ran straight.,1,1.0,1,1,1.0
72,"Which problem the sooner you solve, will the more easily you satisfy the folks up at corporate headquarters?",0,0.0,0,0,0.0
73,Students who fail the final exam or who do not do the reading will be executed.,1,1.0,1,1,1.0
74,It hung on the wall.,1,1.0,1,1,1.0
75,"Kim was dancing, and Sandy was, too.",1,1.0,1,1,1.0
76,"It's we go to the meeting, that Sally will tell us when.",0,0.0,0,0,0.0
77,We elected guardian's employer president the boy.,0,0.0,0,0,0.0
78,Alison pierced the cloth with a needle.,1,1.0,1,1,1.0
79,Mary judged there.,0,1.0,0,0,0.0
80,I funneled the bottle with the mixture.,0,1.0,1,0,1.0
81,I noticed kissing Mary.,0,0.0,0,0,0.0
82,I wonder what who bought?,0,0.0,0,0,0.0
83,She laughed from embarrassment.,1,1.0,1,1,1.0
84,That barn has seven pine trees behind the cow.,0,1.0,1,0,1.0
85,Suddenly there entered the hall an ugly old man.,1,1.0,1,1,1.0
86,Tamara poured the bowl with water.,0,0.0,0,0,0.0
87,"Lewis shipped Sam a bicycle, but it never arrived.",1,1.0,1,1,1.0
88,They can very.,0,0.0,0,0,0.0
89,"The money which I am discussing Sarah's claim that the company squandered amounts to $400,000.",0,0.0,1,0,0.0
90,Louis begged Kate that he be allowed to shave himself.,1,1.0,1,1,1.0
91,The girl who the by works in a skyscraper and in a quonset but has a dimple on her nose.,0,0.0,0,0,0.0
92,Mickey looked up the reference.,1,1.0,1,1,1.0
93,One plan of which I got wind was calculated to keep us in suspense.,0,1.0,1,1,1.0
94,He impresses his friends all as pompous.,0,0.0,0,0,0.0
95,The Ethel we all know and love wishes to ask you some awkward questions.,1,1.0,1,1,1.0
96,The man who I think chased Fido returned.,1,1.0,1,0,1.0
97,Mary jumped the horse perfectly over the last fence.,1,1.0,1,1,1.0
98,Here's a razor for it to be announced that you will be shaved with.,0,0.0,0,0,0.0
99,The piano kicked a student.,1,1.0,1,1,1.0
100,Any woman contributed to the fund.,0,1.0,0,0,0.0
101,I'm going to call somebody who is.,0,0.0,1,0,0.0
102,In front of them happen.,1,0.0,0,0,0.0
103,"Though he may seem intelligent, he does not seem deep.",1,1.0,1,1,1.0
104,Syntax is easy to pretend that you can teach.,1,0.0,1,0,0.0
105,John can kicked the ball.,0,0.0,0,0,0.0
106,That the world is round is obvious.,1,1.0,1,1,1.0
107,Edward usually remembered to send a copy of his e-mail to himself.,1,1.0,1,1,1.0
108,Among the guests was sitting my friend Louise.,1,1.0,0,0,0.0
109,What kind cf parakeets are they investigating all people owning?,0,0.0,0,0,0.0
110,Where Alison and David soaked their feet was in the kitchen,1,0.0,1,0,0.0
111,Susan bought her birthday some flowers.,0,0.0,0,0,0.0
112,The flower bloomed its way to a prize.,0,1.0,1,0,1.0
113,Martha carved a toy for the baby.,1,1.0,1,1,1.0
114,"Because in came Aunt Norris, Fanny stopped talking.",0,1.0,1,0,1.0
115,Oliver fined ten pounds to the prisoner.,0,0.0,0,0,0.0
116,Marian wonders if the package from Boston will ever arrive.,1,1.0,1,1,1.0
117,I brought a razor to shave myself with.,0,1.0,1,1,1.0
118,Did not Sue pass her exam?,0,0.0,0,0,0.0
119,Peter is the old pigs.,0,0.0,0,0,0.0
120,"Ron failed biology, unfortunately",1,0.0,0,0,0.0
121,There tried to be intelligent.,0,0.0,0,0,0.0
122,liked ice cream.,1,0.0,0,0,0.0
123,They can door.,0,0.0,0,0,0.0
124,the book of poems by Robert Burns from Blackwell with a red cover takes a very long time to read.,1,0.0,0,0,0.0
125,"It isn't because Sue said anything bad about me that I'm angry, although she did say some bad things about me.",0,1.0,1,1,1.0
126,People now drink less beer.,1,1.0,1,1,1.0
127,What John wants to look at now is your notes.,1,1.0,1,0,1.0
128,What did he refute the proof that you cannot square?,0,0.0,1,0,0.0
129,Anson is incredibly difficult to be pleased.,0,1.0,0,0,0.0
130,Jill gave the ball at Bob.,0,0.0,0,0,0.0
131,Gilgamesh has been fighting the dragon.,1,1.0,1,1,1.0
132,Paul had two affairs,1,0.0,0,0,0.0
133,Every man surrounded the fort.,0,1.0,1,0,1.0
134,I saw all the students.,1,1.0,1,1,1.0
135,He will keep up with their expectations.,1,1.0,1,1,1.0
136,Pat persuaded Leslie to be aggressive.,1,1.0,1,1,1.0
137,On the streets of Chicago melted a lot of snow.,0,1.0,0,0,0.0
138,A magnificent diamond sparkled on his finger.,1,1.0,1,1,1.0
139,John sounded in the park.,0,0.0,0,0,0.0
140,Jean is likely.,0,1.0,0,1,1.0
141,I won't ask you to believe that he tried to force me to give her some money.,1,1.0,1,1,1.0
142,Ron yawned himself awake.,1,1.0,1,1,1.0
143,I don't know the boy the flowers who Mary gave to.,0,0.0,0,0,0.0
144,Cora coiled around the post.,0,1.0,1,1,1.0
145,The jeweller copied the name on the ring.,1,1.0,1,0,1.0
146,I consider that a rude remark and in very [NP and PP] bad taste.,1,0.0,0,0,0.0
147,The stick touched the fence.,0,1.0,1,1,1.0
148,"In general, he understands what's going on.",1,1.0,1,1,1.0
149,Did Harry leave?,1,1.0,1,1,1.0
150,When Alison and David soaked their feet was after dinner,1,0.0,0,0,0.0
151,Jason persuaded Medea that she should desert her family,1,0.0,0,0,0.0
152,I am more angry than sad.,1,1.0,1,1,1.0
153,What did John want to eat?,1,1.0,1,1,1.0
154,I incorporated the new results into the paper.,1,1.0,1,1,1.0
155,Rory may be eating the muffins.,1,1.0,1,1,1.0
156,I am anxious that you should arrive on time.,1,1.0,1,1,1.0
157,The book was been given by Bill by Sue.,0,0.0,0,0,0.0
158,That piece of ice is too big for it to be likely for him to be able to pick up with a teaspoon.,0,1.0,1,1,1.0
159,I know the truth and that you are innocent.,0,1.0,1,1,1.0
160,I might ate deep fried muffins.,0,0.0,0,0,0.0
161,That he sometimes went there alone is certain.,1,1.0,1,1,1.0
162,The boys were made a good mother by Aunt Mary.,0,0.0,0,0,0.0
163,Fred tore the curtain in rolling up the wallpaper.,1,1.0,0,1,1.0
164,He's reliable enough a man.,0,1.0,1,0,1.0
165,The press conjectured Smith the appointee.,0,1.0,0,0,0.0
166,Jim was enthusiastically chopping logs.,1,1.0,1,1,1.0
167,I ate deep fried muffins.,1,1.0,1,1,1.0
168,John runs into the house.,1,1.0,1,1,1.0
169,The princess bowed.,1,1.0,1,1,1.0
170,"José likes cabbage, and Holly does too.",1,1.0,1,1,1.0
171,Students who fail the final exam will be executed or students who do not do the reading will be executed.,1,0.0,1,0,0.0
172,It's their teaching material that we're using.,1,1.0,1,1,1.0
173,The swindler cheated Pat of her fortune.,1,1.0,1,1,1.0
174,Flora cooks gourmet meals.,1,1.0,1,1,1.0
175,There is arriving three men at that station.,0,0.0,0,0,0.0
176,He is the only person that I can rely on.,1,1.0,1,1,1.0
177,Near Strasbourg my brother lives.,1,1.0,1,1,1.0
178,What that he was wearing is certain is this hat.,0,0.0,0,0,0.0
179,Paula swatted the fly with the cloth.,1,1.0,1,1,1.0
180,June covered the blanket over the baby.,0,0.0,1,0,0.0
181,It seems to be a fountain in the park.,0,1.0,1,1,1.0
182,much clue is needed.,0,0.0,0,0,0.0
183,"Because in came Aunt Norris, Fanny stopped talking.",0,1.0,1,1,1.0
184,People with boxes of old clothes lined up behind the door of the building with the leaky roof.,1,1.0,1,1,1.0
185,Sally is such a fool as people think.,0,1.0,0,0,0.0
186,Carol cut herself on the thumb.,1,1.0,1,0,1.0
187,"I spoke to him about the war yesterday, that guy who's always following us.",1,1.0,1,0,1.0
188,They were believed all to be quite diligent.,1,1.0,1,1,1.0
189,Willy is taller than Bill by as much as I know a boy who thinks that Bill is taller than Dan.,0,0.0,0,0,0.0
190,Aphrodite stinks to be omnipotent.,0,0.0,0,0,0.0
191,I talked to Winston about him.,0,1.0,1,1,1.0
192,In this cave was found an ancient treasure trove.,1,1.0,1,1,1.0
193,The UN recommended an enlarged peacekeeping force.,1,1.0,1,1,1.0
194,The rolling stone avoided the river.,1,1.0,1,1,1.0
195,I am removing the shovel from the shed.,1,1.0,1,1,1.0
196,I only eat fish drunk raw.,0,0.0,0,0,0.0
197,The lasagna tasted delicious.,1,1.0,1,1,1.0
198,John is eager to examine.,0,1.0,0,1,1.0
199,How did Sheila marry tall a man?,0,0.0,0,0,0.0
200,Henry wanted to have married Fanny before Edmund returned.,1,1.0,1,0,1.0
201,What John told us is that he wants to quit school.,1,1.0,1,1,1.0
202,Every man who saw the fly in the food didn't eat dinner.,1,1.0,1,1,1.0
203,Gilgamesh didn't ate the honey,0,0.0,0,0,0.0
204,John did not like Mary.,1,1.0,1,1,1.0
205,I liked.,0,0.0,0,0,0.0
206,What what I ate cost almost broke me.,0,0.0,0,0,0.0
207,Jennifer craned her arm.,0,1.0,0,1,1.0
208,She did with her father away.,0,0.0,0,0,0.0
209,"Fluffy is sick, which I fell asleep and Tom suddenly realized.",0,0.0,0,0,0.0
210,I have six marbles too many.,1,1.0,1,1,1.0
211,I've never seen you ate asparagus.,0,0.0,0,0,0.0
212,I shaped the dough into a loaf.,1,1.0,1,1,1.0
213,Ellen and Helen talked.,1,1.0,1,1,1.0
214,"When did Fanny return, she found Tom Bertram very ill.",0,0.0,0,0,0.0
215,John expected to win.,1,1.0,1,1,1.0
216,The president was hoping for a good cake.,1,1.0,1,1,1.0
217,John seemed to be a great linguist.,1,1.0,1,1,1.0
218,You are a student.,1,1.0,1,1,1.0
219,I detest him taking a bath.,0,1.0,1,0,1.0
220,Sally wishes that everyone would praise herself.,0,0.0,0,0,0.0
221,Drowning cats are hard to rescue.,1,1.0,1,1,1.0
222,The student knowing the answers.,0,0.0,0,0,0.0
223,The fence hit with a stick.,0,0.0,0,0,0.0
224,This knife cut the bread.,1,1.0,1,1,1.0
225,"Jason became invisible, so that he could escape",1,0.0,0,0,0.0
226,Beth tried for Bill to ask a question.,0,0.0,0,0,0.0
227,The pig grunt,0,0.0,0,0,0.0
228,At most three girls saw anything.,1,1.0,1,1,1.0
229,Who do you regret saw you?,0,0.0,1,0,0.0
230,The well gushed oil.,1,1.0,1,1,1.0
231,The writers didn't so believe the boy.,0,0.0,0,0,0.0
232,Some branches broke off of the tree.,1,1.0,1,1,1.0
233,It's quarter past four.,1,1.0,1,1,1.0
234,Who do you regret that you saw?,1,1.0,1,0,1.0
235,John has chosen for the position.,0,0.0,0,0,0.0
236,I've never seen you eat asparagus.,1,1.0,1,1,1.0
237,Truman told the story Bob.,0,0.0,0,0,0.0
238,Some disgruntled old pigs in those ditches love truffles,1,0.0,0,1,0.0
239,He threw into the wastebasket the letter.,0,1.0,1,0,1.0
240,We got our car radio stolen twice on holiday.,1,1.0,1,0,1.0
241,I put the books on the table.,1,1.0,1,1,1.0
242,Cora coiled around the post.,0,1.0,1,1,1.0
243,Truman told the story Bob.,0,0.0,0,0,0.0
244,I don't remember what all I said?,1,0.0,0,0,0.0
245,The hat of the man standing over there impressed me greatly.,1,1.0,1,1,1.0
246,John can go to the market to India.,0,0.0,0,0,0.0
247,The fear shivered Sharon.,0,1.0,0,0,0.0
248,She kicked itself,0,0.0,0,0,0.0
249,It was such an awful picture that I tore it up.,1,1.0,1,1,1.0
250,That the fuzz wanted him worried John but it didn't worry Mary.,1,0.0,1,0,0.0
251,Bill will put a picture of this girl in the red coat on your desk before tomorrow.,1,1.0,1,1,1.0
252,Fruit fell against the house against the ground.,0,0.0,0,0,0.0
253,"He seems to become more corrupt, if any senator talks to more lobbyists.",0,0.0,1,1,1.0
254,Who seemed had poisoned Jason?,0,0.0,0,0,0.0
255,Did Merv show up and did you play chess?,1,1.0,1,1,1.0
256,The motorist happened the accident.,0,0.0,0,0,0.0
257,He said that himself was hungry.,0,0.0,0,0,0.0
258,Paula hit the stick against the fence.,1,1.0,1,1,1.0
259,This parcel is very heavy.,1,1.0,1,1,1.0
260,Sharon has been eager finishing the book.,0,0.0,0,0,0.0
261,Tess knocks at the door.,1,1.0,1,1,1.0
262,Jack disappeared in a mysterious manner and Marion disappeared in one too.,0,1.0,1,1,1.0
263,John is a decidedly too tall man.,0,1.0,1,0,1.0
264,Tom denied which book he had been reading.,0,0.0,1,0,0.0
265,Sarah sang a ballad.,1,1.0,1,1,1.0
266,The judge offered the winner with a prize.,0,0.0,0,0,0.0
267,"Although Doc might tell it to you, he won't to me.",1,0.0,1,0,0.0
268,Alison poked the cloth with a needle.,1,1.0,1,1,1.0
269,"I can well imagine if he eats more, him getting fat.",0,0.0,0,0,0.0
270,An example of these substances be tobacco.,1,0.0,0,0,0.0
271,Willy is taller than Bill by as much as it is believed that Joe is taller than Dan.,1,1.0,1,0,1.0
272,Where did you throw the ball? To third base.,1,0.0,0,0,0.0
273,Water pours easily onto the plants.,0,1.0,1,1,1.0
274,The man eager to start the meeting is John's sister.,1,0.0,0,0,0.0
275,"Kim went to the store, and then Lou.",1,0.0,1,0,0.0
276,That Sam didn't pick those packages up is possible which are to be mailed tomorrow.,0,0.0,0,0,0.0
277,So intelligent a dog did you buy that everyone gasped.,1,1.0,1,1,1.0
278,The children came their way to the party.,0,0.0,0,0,0.0
279,We asked him never to try to call us again.,1,1.0,1,1,1.0
280,Willy is taller than I know a boy who is.,0,0.0,1,0,0.0
281,This very heavy parcel was delivered yesterday.,1,1.0,1,1,1.0
282,To the washroom kissed the Blarney stone.,0,0.0,0,0,0.0
283,Gilgamesh didn't fly the broomstick.,1,1.0,1,1,1.0
284,John talked to any powerful politician.,0,0.0,1,0,0.0
285,"No student, who scored 80 or more in the exam, was ever failed.",0,1.0,1,1,1.0
286,I am eating a mango and Gillian has too.,0,1.0,0,0,0.0
287,The hardest that I believe that it ever snowed was last January 12th.,1,1.0,0,0,0.0
288,He remained a good friend to me.,1,1.0,1,1,1.0
289,The lake was camped beside by my sister.,0,1.0,0,0,0.0
290,The horse was ridden.,1,1.0,1,1,1.0
291,"Slamming the door, he ran down the steps.",1,1.0,1,1,1.0
292,I consider there a man in that garden.,0,0.0,0,0,0.0
293,He worked his way through the book.,1,1.0,1,1,1.0
294,I admired him for his honesty.,1,1.0,1,1,1.0
295,We kicked us,0,0.0,0,0,0.0
296,Whose tax did the nurse polish her trombone and the plumber compute?,0,0.0,0,0,0.0
297,The bear sniff,0,0.0,0,0,0.0
298,Hold has been gotten of some rare old manuscripts.,0,0.0,0,0,0.0
299,Brenda chatted Molly.,0,0.0,1,0,0.0
300,Where did you disappear before you hid the gold?,0,1.0,1,1,1.0
301,Water pours easily onto the plants.,0,1.0,1,1,1.0
302,I talked to Winston about Winston.,0,1.0,1,1,1.0
303,He said he would leave and now he's done it.,1,1.0,1,1,1.0
304,Who did you give pictures of to friends of?,1,0.0,0,0,0.0
305,"The higher the stakes, the lower his expectations.",1,1.0,1,1,1.0
306,I saw John with a telescope.,1,1.0,1,1,1.0
307,Sally is such a fool as people think.,0,1.0,0,0,0.0
308,Mary didn't see almost every flower.,0,1.0,1,0,1.0
309,Sarah smiled.,1,1.0,1,1,1.0
310,Bill alleged that Roger has eaten the cake.,1,1.0,1,1,1.0
311,Fido is the smarter dog than Spot.,0,0.0,0,0,0.0
312,Fred threw the ball under the porch.,1,1.0,1,1,1.0
313,I don't know the boy who the flowers Mary gave to.,0,0.0,0,0,0.0
314,John tries to meet not Mary.,0,0.0,0,0,0.0
315,The chocolate melted onto the carpet.,1,1.0,1,1,1.0
316,John considers several people sick.,1,1.0,1,0,1.0
317,One of the most serious problems that some students have be lack of motivation.,1,0.0,0,0,0.0
318,Fruit fell against the house.,0,1.0,1,1,1.0
319,The curtain which Fred tore in rolling up was the kind gift of my maternal Aunt Priscilla.,1,1.0,1,1,1.0
320,The Dodgers beat the Red Sox and the Dodgers were beaten by the Giants.,1,1.0,1,1,1.0
321,The horse jumped the stream.,1,1.0,1,1,1.0
322,Which Greek authors does he have books by?,1,1.0,1,1,1.0
323,The nurse who polished her trombone and the plumber computed my tax was a blond.,0,0.0,0,0,0.0
324,1492 saw the beginning of a new era.,1,1.0,1,1,1.0
325,Water pours easily onto the plants.,0,1.0,1,1,1.0
326,Both will wear carnations.,1,1.0,1,1,1.0
327,A programme about Euripides is on a Radio 4 tonight.,1,0.0,0,0,0.0
328,In general that he understands what's going on is surprising.,0,0.0,0,1,0.0
329,Smith threw the first base the ball.,0,0.0,0,0,0.0
330,Some gifts get used a dozen or so times a year.,1,1.0,1,1,1.0
331,I'm more worrying than thinking.,0,1.0,1,0,1.0
332,"Although I don't know which book Sam did, I do know which book Sally read.",0,1.0,1,1,1.0
333,Surprised me that you came early.,0,0.0,0,0,0.0
334,I know a man who John is as tall as is.,0,1.0,0,0,0.0
335,Mary didn't see almost every flower.,0,1.0,1,0,1.0
336,Flies swat easily.,0,0.0,1,1,1.0
337,Frank bought a piano for Jane.,1,1.0,1,1,1.0
338,What sofa will he put the chair between some table and?,0,0.0,0,0,0.0
339,I think Anita may have poisoned the meatballs which Sasha is gobbling down dumplings faster than I can reheat.,0,0.0,0,0,0.0
340,"I know which book Mag read, and which book Bob asked why you hadn't.",0,0.0,1,0,0.0
341,Mary has more friends that two.,0,0.0,0,0,0.0
342,"Mrs Bennet having taken the others upstairs, Mr Bingley proposed to.",1,0.0,0,0,0.0
343,I gave the package to London.,0,0.0,1,0,0.0
344,"He never achieved anything, didn't he?",0,0.0,0,1,0.0
345,John thinks that Mary left.,1,1.0,1,1,1.0
346,Fifteen years represent a long period of his life.,0,1.0,1,1,1.0
347,I whipped the eggs from a puddle into a froth.,0,1.0,1,1,1.0
348,More has happened in the last week than will happen in the next year.,1,1.0,1,1,1.0
349,The room was left angry by Mary.,0,0.0,0,0,0.0
350,There is arriving three men at that station.,0,0.0,0,0,0.0
351,There was he in the garden.,0,1.0,0,0,0.0
352,Louis begged Kate to leave.,1,1.0,1,1,1.0
353,I had a realization of there.,0,0.0,0,0,0.0
354,I've got to try and find that screw.,1,1.0,1,1,1.0
355,Megan marveled at the beauty of the Grand Canyon.,1,1.0,1,1,1.0
356,"The lady singing with a boy is a genius, isn't she?",0,1.0,1,1,1.0
357,Every essay she's written and that I've read is on that pile.,0,1.0,1,1,1.0
358,Harriet gave a mug to John and a scarf to Vivien.,1,1.0,1,1,1.0
359,Henri arrived Bill.,0,0.0,0,0,0.0
360,That piece of ice is too big for for him to be able to pick up with a teaspoon to be likely.,0,0.0,0,0,0.0
361,I have any potatoes.,0,0.0,0,0,0.0
362,Mary has more friends than just Bill and Pete are.,0,0.0,0,0,0.0
363,"Once Janet left, Fred became much crazier.",1,1.0,1,1,1.0
364,A job offered to her.,0,0.0,0,0,0.0
365,George wrote a volume of poems in Latin for Jane.,1,1.0,1,1,1.0
366,The gold mined.,0,0.0,0,0,0.0
367,Mary managed John to go abroad.,0,0.0,0,0,0.0
368,I insist in seeing all the students who started out the term in my class through.,0,0.0,0,0,0.0
369,There tries to be warm in September.,0,0.0,0,0,0.0
370,"If did Emma leave Hartfield, Mr Woodhouse would be unhappy.",0,0.0,0,0,0.0
371,John believes to have slept.,0,0.0,0,0,0.0
372,Tracy became awarded a prize.,0,0.0,0,0,0.0
373,Heather cabled the news at Sara.,0,0.0,0,0,0.0
374,He was talkative and a bully.,1,1.0,1,1,1.0
375,the student whose turn it was left.,1,0.0,0,0,0.0
376,"Harry thinks so, although no one else thinks Sally is innocent.",0,1.0,1,1,1.0
377,He figured out that.,0,0.0,0,0,0.0
378,Kim beaten his dog and alienates cats.,0,0.0,0,0,0.0
379,Six students got shot accidentally.,1,1.0,1,1,1.0
380,Ron certainly will buy a dog.,1,1.0,1,1,1.0
381,Jack is more tall than thin.,1,0.0,1,0,0.0
382,This is the paper that we really need to find the linguist who understands.,1,0.0,1,0,0.0
383,Marlene dressed her body.,0,1.0,1,1,1.0
384,John didn't see anything.,1,1.0,1,1,1.0
385,A pilot must be flying this plane.,1,1.0,1,1,1.0
386,Pat was believed to have been examined by the dentist.,1,1.0,1,1,1.0
387,Mary didn't pick any of the flowers.,1,1.0,1,1,1.0
388,The man that Mary saw knew me.,1,1.0,1,1,1.0
389,Where all did they go for their holidays?,1,1.0,1,0,1.0
390,The hat which I believed the claim that Otto was wearing is red.,0,0.0,0,0,0.0
391,Lydia pocketed her pocket with the change.,0,0.0,0,0,0.0
392,Where did you throw the ball? To third base.,1,0.0,0,0,0.0
393,The vase stood on the table in the hall.,1,1.0,1,1,1.0
394,Wickham eloped with Lydia.,1,1.0,1,1,1.0
395,I sent Mary money.,1,1.0,1,1,1.0
396,This hat I know the boy who was wearing.,0,0.0,1,0,0.0
397,That he is coming is clear.,1,1.0,1,1,1.0
398,John studies carefully Russian.,0,0.0,0,0,0.0
399,Marianne not left.,0,0.0,0,0,0.0
400,Bartlett danced with Toni.,1,1.0,1,1,1.0
401,Aphrodite said he would free the animals and free the animals he will,1,0.0,0,0,0.0
402,They wouldn't leave soon.,1,1.0,1,1,1.0
403,I've known more of a man than Frank.,0,1.0,1,1,1.0
404,I polished the vase which was from India up.,0,0.0,0,0,0.0
405,The tree dropped some branches.,1,1.0,1,1,1.0
406,Any pilot on duty today must be flying this plane.,0,1.0,1,1,1.0
407,I hope I'm not treading on anyone's toes.,1,1.0,1,1,1.0
408,With which club did you hit the winning putt?,1,1.0,1,1,1.0
409,A ship appeared.,1,1.0,1,1,1.0
410,You shouldn't have played with rifles because to have is dangerous.,0,0.0,0,0,0.0
411,The witch turned him from a prince.,0,1.0,1,0,1.0
412,Ron yawned himself awake.,1,1.0,1,1,1.0
413,Tall books stand on tables easily.,0,1.0,1,1,1.0
414,The window broke from hail stones.,0,1.0,1,1,1.0
415,Tom is insistent that the defendants be truthful.,1,1.0,1,1,1.0
416,The baby dressed.,1,1.0,1,1,1.0
417,How do you think John bought the sweater?,1,1.0,1,1,1.0
418,"Yes, she used.",0,0.0,0,0,0.0
419,You can lead a horse to water but will it drink?,1,1.0,1,1,1.0
420,John drink beer last night.,1,0.0,0,0,0.0
421,Miriam tutored her brother.,1,1.0,1,1,1.0
422,She has problem enough as it is.,0,0.0,1,0,0.0
423,The monkeys approved of their leader.,1,1.0,1,1,1.0
424,Paula swatted the cloth against the fly.,0,1.0,1,1,1.0
425,Many fish are in the sea.,1,1.0,1,1,1.0
426,Jessica sprayed water at me.,1,1.0,1,1,1.0
427,Tony bent Mary in the arm.,0,0.0,0,0,0.0
428,"The fact, I put it down to that Kim came.",0,0.0,0,0,0.0
429,Which god the statue?,0,0.0,0,0,0.0
430,All native speakers have a grammatical competence which can generate an infinite set of grammatical sentences from a finite set of resources.,1,1.0,1,1,1.0
431,Smith threw the first baseman the ball.,1,1.0,1,1,1.0
432,Is putting the book in the box.,0,0.0,0,0,0.0
433,The manager presented the foreman a gold watch.,0,1.0,1,0,1.0
434,Who did a statue of surprise Medea?,0,0.0,0,0,0.0
435,Springfield would have built a police station with the federal grant.,1,1.0,1,1,1.0
436,The only relatives with whom I'd like to do away are my aunts.,0,1.0,1,1,1.0
437,"Sally might be, and everyone believes Sheila definitely is, pregnant.",1,1.0,1,1,1.0
438,John stopped can to sign in tune.,0,0.0,0,0,0.0
439,"When Bill smokes, much more does Susan hate him.",0,1.0,0,0,0.0
440,A man came into the room with blond hair.,1,1.0,1,1,1.0
441,Mary has more friends than just Bill and Pete.,1,1.0,1,1,1.0
442,Tom hid the manuscript in the cupboard.,1,1.0,1,1,1.0
443,Bill dried at the clothes.,0,0.0,0,0,0.0
444,He'll bring me one if he sees a hot dog.,0,1.0,1,1,1.0
445,Who do you think that will question Seamus first?,0,0.0,0,0,0.0
446,Heidi thinks that the salmon flavored candy bars were eaten.,1,1.0,1,1,1.0
447,It is not true that I have left yet.,1,1.0,1,1,1.0
448,Brenda haggled with Molly.,1,1.0,1,1,1.0
449,"They said that Tom wouldn't pay up, but he did go to the bank, and he did pay up.",1,1.0,1,1,1.0
450,He's that reliable a man.,1,1.0,1,0,1.0
451,Joe is taller than Mary.,1,1.0,1,1,1.0
452,He always might eats deep fried muffins.,0,0.0,0,0,0.0
453,Martha carved the piece of wood from a branch into a toy.,0,1.0,1,1,1.0
454,For him to win the race would surprise them.,1,1.0,1,1,1.0
455,The belief that syntactic theory reveals the inner structure of sentences emboldened the already much too cocky professor.,1,1.0,1,1,1.0
456,John knew any language that we encountered on our trip.,1,1.0,1,1,1.0
457,Tony bent at the rod.,0,1.0,0,0,0.0
458,The Joneses think himself the most wealthy guy on the block.,0,0.0,0,0,0.0
459,They investigated the problem.,1,1.0,1,1,1.0
460,I didn't eat any ice cream or the cake.,0,1.0,1,1,1.0
461,Marlene dressed her body.,0,1.0,1,1,1.0
462,Susan wanted Jane to study German.,1,1.0,1,1,1.0
463,Alex read the newspaper in an hour.,1,1.0,1,1,1.0
464,The wall is being touched by John.,1,1.0,1,1,1.0
465,Rory eats.,1,1.0,1,1,1.0
466,I never met that man who anybody tried to kill.,0,1.0,0,0,0.0
467,placed the flute on the table.,0,0.0,0,0,0.0
468,Amanda drove the package to Pamela.,1,1.0,1,1,1.0
469,John persuaded Stephen to be more careful.,1,1.0,1,1,1.0
470,The lions ate at the meat raw.,0,0.0,0,0,0.0
471,John asks whose book his son likes.,1,1.0,1,1,1.0
472,Fruit hit the roof against the ground.,0,1.0,0,0,0.0
473,"No student, who scored 80 or more in the exam, was ever failed.",0,1.0,0,1,1.0
474,John was wondering whether to leave or not.,1,1.0,1,1,1.0
475,Fred offered the ball over Molly.,0,0.0,1,0,0.0
476,He kicked yourself,0,0.0,0,0,0.0
477,Paula swatted the cloth on the fly.,0,1.0,1,1,1.0
478,He's such a tall man.,1,1.0,1,1,1.0
479,Tony bent Mary in the arm.,0,0.0,0,0,0.0
480,George built both the houses.,1,1.0,1,0,1.0
481,John must not do have eaten.,0,0.0,0,0,0.0
482,Andy promised we would go.,1,1.0,1,1,1.0
483,Each man lifted a table.,1,1.0,1,1,1.0
484,The electrode was struck by ions.,1,1.0,1,1,1.0
485,They surrounded.,0,0.0,0,0,0.0
486,I read three his books.,0,0.0,0,0,0.0
487,Emily showed himself Benjamin in the mirror.,0,0.0,0,0,0.0
488,They rowed along the canals of Venice.,1,1.0,1,1,1.0
489,To whom I gave the cake is John.,0,1.0,1,0,1.0
490,It is Kim on whom that Sandy relies.,0,1.0,0,1,1.0
491,John goes to school.,1,1.0,1,1,1.0
492,Tessa cut.,0,1.0,1,1,1.0
493,I sent she away.,0,0.0,0,0,0.0
494,The Romans destroyed the city into ruins.,0,0.0,0,0,0.0
495,This girl in the red coat or you will put a picture of Bill on your desk before tomorrow.,1,0.0,0,0,0.0
496,John looked up the inside of the chimney.,1,1.0,1,1,1.0
497,"John left at 11 and at 12, Bill.",0,0.0,0,0,0.0
498,The very old and extremely wise owl.,1,0.0,0,0,0.0
499,She has problem enough as it is.,0,0.0,1,0,0.0
500,Would for him to have played the piano have surprised you?,0,1.0,0,0,0.0
501,Mary and an old friend who comes from Miami kissed.,1,1.0,1,1,1.0
502,The king banished the general to a mountain fortress.,1,1.0,1,1,1.0
503,Who do you think that will question Seamus first?,0,0.0,0,0,0.0
504,I saw the men all.,0,1.0,0,0,0.0
505,They caused him to become president by making him.,0,1.0,0,0,0.0
506,Reports which the government prescribes the height of the lettering on the covers of are invariably boring.,1,0.0,1,0,0.0
507,John must do not have eaten.,0,0.0,0,0,0.0
508,The poison was neutralised was claimed that by everyone,0,0.0,0,0,0.0
509,Megan was sat on by her brother.,1,1.0,1,0,1.0
510,"The contestant, who is the judge's brother-in-law, who won the first prize sang dreadfully.",0,0.0,0,0,0.0
511,Angus did not his homework.,0,0.0,0,0,0.0
512,the boy likes themselves.,0,0.0,0,0,0.0
513,John would like that because he's such a nice guy.,1,1.0,1,1,1.0
514,the people happy with the proposal left.,1,0.0,0,0,0.0
515,Henry wanted to possibly marry Fanny.,0,1.0,1,1,1.0
516,Kim jogs under the hill.,1,1.0,1,1,1.0
517,I loved the policeman the baker intensely with all my heart.,0,0.0,0,0,0.0
518,Julie became a fond.,0,0.0,0,0,0.0
519,"The candidate was dogged by charges of infidelity, or at least trying to.",0,0.0,0,0,0.0
520,"The more articles he reads, the fewer people he thinks will go into linguistics.",1,1.0,1,1,1.0
521,The book valued at $200.,0,0.0,0,0,0.0
522,John seems know about the bananas.,0,0.0,0,0,0.0
523,Angela characterized Shelly a lifesaver.,0,0.0,0,0,0.0
524,Maxwell isn't half the doctor that I'm certain that he would be if he studied.,1,1.0,1,1,1.0
525,They will give me a hat that I won't like which I know.,0,0.0,1,0,0.0
526,They confined his remarks to the matter under discussion.,1,1.0,0,1,1.0
527,I just know that the Big 12 South teams everyone knew would win actually won the game.,1,1.0,1,1,1.0
528,she will win the race.,1,0.0,0,0,0.0
529,It is reluctant that Jean left.,0,0.0,0,0,0.0
530,John ate after getting home the steak.,0,0.0,0,0,0.0
531,The boat sank.,1,1.0,1,1,1.0
532,Ions struck the electrode.,1,1.0,1,1,1.0
533,Amanda carried packages.,1,1.0,1,1,1.0
534,I asked which city which king invaded.,1,0.0,0,0,0.0
535,That Tom missed the lecture was enjoyable.,0,1.0,0,0,0.0
536,That Fido barks annoys me.,1,1.0,1,1,1.0
537,I put the table with the books.,0,1.0,1,1,1.0
538,"Immediately, John probably will clearly learn French perfectly.",0,1.0,1,1,1.0
539,I often have a cold.,1,1.0,1,1,1.0
540,"That piano, which the boy's playing loudly drove everyone crazy, was badly out of tune.",0,0.0,0,0,0.0
541,The books put on the table easily.,0,0.0,1,0,0.0
542,Alice typed the letter.,1,1.0,1,1,1.0
543,John left his wife.,1,1.0,1,1,1.0
544,Celia brushed.,0,1.0,1,0,1.0
545,Jack will have a hole in his pocket.,1,1.0,1,1,1.0
546,The room contains many furniture.,0,0.0,0,0,0.0
547,Susan hopes Susan to sleep.,0,0.0,0,0,0.0
548,I put on the table.,0,0.0,0,1,0.0
549,I can well imagine with a hatchet Mary destroying the Jeep.,0,1.0,0,0,0.0
550,Who is it obvious that Plato loves.,1,0.0,0,0,0.0
551,Mary dates exactly two of the men who know a producer I like.,1,1.0,1,1,1.0
552,Fred offered the ball over Molly.,0,0.0,0,0,0.0
553,Kelly reeked the onions.,0,0.0,0,0,0.0
554,Doug blew up the building.,1,1.0,1,1,1.0
555,That informers they never use is claimed by the CIA.,0,0.0,0,0,0.0
556,"I'm not shocked by the idea that the more you eat, the less you want.",1,1.0,1,1,1.0
557,I've never seen you ate asparagus.,0,0.0,0,0,0.0
558,Ellen conferred for Helen to come.,0,1.0,0,0,0.0
559,I put the book from Edna to Sally.,0,1.0,1,1,1.0
560,The apple was bitten by John.,1,1.0,1,1,1.0
561,I broke the twig and the branch.,0,1.0,1,1,1.0
562,Heidi investigated to eat the cauliflower.,0,0.0,0,0,0.0
563,Sally kissed herself.,1,1.0,1,1,1.0
564,John sounded happily.,0,0.0,0,0,0.0
565,The horse broke Penny in the shin.,0,1.0,0,1,1.0
566,Innocent victims murder easily.,0,0.0,0,0,0.0
567,A crowd of people remained in the square.,1,1.0,1,1,1.0
568,No reading Shakespeare satisfied me,0,0.0,0,0,0.0
569,He's reliable enough a man.,0,1.0,1,0,1.0
570,Kicked the man the ball.,0,0.0,0,0,0.0
571,My heart is pounding.,1,1.0,1,1,1.0
572,Steve pelted acorns to Anna.,0,1.0,0,1,1.0
573,Carla slid the book to Dale.,1,1.0,1,1,1.0
574,Bartlett danced with Toni.,1,1.0,1,1,1.0
575,Digitize is my happiest memory,0,0.0,0,0,0.0
576,He loves him,1,0.0,1,1,1.0
577,John is afraid of dogs.,1,1.0,1,1,1.0
578,"Raffi makes pesto pasta, and David does too",1,0.0,0,0,0.0
579,I shaped the dough.,1,1.0,1,1,1.0
580,I asked what John kissed.,1,1.0,1,1,1.0
581,One of the problems was the robins.,1,1.0,1,1,1.0
582,He walked up the hill.,1,1.0,1,1,1.0
583,Jasper wonders which book he should attempt to persuade his students to buy.,1,1.0,1,1,1.0
584,Any student in Mary's class happened to vote.,0,1.0,1,0,1.0
585,The monkey was tagged in the forest by John.,1,1.0,1,1,1.0
586,Where did you send the bicycle? To Rome.,1,0.0,1,0,0.0
587,It has raining every day for the last week.,0,0.0,0,0,0.0
588,I wonder what Fiona bought.,1,1.0,1,1,1.0
589,Paula hit the sticks.,0,1.0,1,1,1.0
590,John wagered there to have been a stranger in that haunted house.,1,1.0,1,0,1.0
591,I saw the student of physics with long hair.,1,1.0,1,1,1.0
592,What exploded when and I warned you it would?,0,0.0,0,0,0.0
593,Jason was killed by Medea.,1,1.0,1,1,1.0
594,Smith was annealing.,1,1.0,1,1,1.0
595,The teacher handed the student.,0,0.0,0,0,0.0
596,Fred offered the ball over Molly.,0,0.0,0,0,0.0
597,Peter said that Danny danced.,1,1.0,1,1,1.0
598,Bill wants Susan to leave.,1,1.0,1,1,1.0
599,Eleanor blamed Willoughby for Marianne's unhappiness.,1,1.0,1,1,1.0
600,John must not do have eaten.,0,0.0,0,0,0.0
601,John sent her to Seoul.,1,1.0,1,1,1.0
602,The package weighed ten pounds.,1,1.0,1,1,1.0
603,Bill left when I believe the claim that the bomb had just exploded.,0,0.0,1,0,0.0
604,"Hank plays the guitar and finds arrangements for all the old folk songs which are still sung in these hills, and Ernie writes down all the old folk songs which are still sung in these hills.",1,1.0,1,1,1.0
605,John eats more than he sleeps.,1,1.0,1,1,1.0
606,The cup knocked the stone apart.,0,1.0,1,1,1.0
607,The tornadoes that tear through this county every spring is more than just a nuisance.,0,0.0,0,0,0.0
608,I wanted if he should leave.,0,0.0,0,0,0.0
609,Martha carved the baby some wood into a toy.,0,1.0,0,0,0.0
610,They will give me a hat that I won't like which I know.,0,0.0,1,1,1.0
611,John has chosen Bill for the position.,1,1.0,1,1,1.0
612,Jill met Sarah.,1,1.0,1,1,1.0
613,"No student, who scored 80 or more in the exam, was ever failed.",0,1.0,0,1,1.0
614,John perfectly learned French immediately.,0,1.0,1,0,1.0
615,Himself saw him,0,0.0,0,0,0.0
616,The kangaroo hopped over the truck.,1,1.0,1,1,1.0
617,The teacher made students happy.,1,1.0,1,1,1.0
618,John isn't any more reliable a fellow than Bill.,1,1.0,1,1,1.0
619,The bed which Tom slept on was hard.,1,1.0,1,1,1.0
620,The car was driven by Alison.,1,1.0,1,1,1.0
621,The Greeks arrived all.,0,0.0,0,0,0.0
622,What she did was own all the land round here.,0,1.0,1,1,1.0
623,We ate enough a pudding to satisfy us.,0,0.0,0,0,0.0
624,John convinced there to be several firemen available.,0,0.0,0,0,0.0
625,It is of physics.,0,0.0,0,0,0.0
626,It may exist a man in the park.,0,0.0,0,0,0.0
627,How long did it last?,1,1.0,1,1,1.0
628,The Ferrari which Pietro bought from me and Sofia adores him cost him a bundle.,0,0.0,0,0,0.0
629,He's too reliable a man.,1,1.0,1,1,1.0
630,Kim depends.,1,1.0,0,0,0.0
631,John thinks what Mary bought.,0,0.0,1,0,0.0
632,He put the clothes.,1,1.0,0,1,1.0
633,Jack eats more caviar than he sleeps.,0,1.0,1,1,1.0
634,Anson became happy,1,0.0,0,0,0.0
635,Is putting the book in the box.,0,0.0,0,0,0.0
636,Our neighbor takes his children to school in his car.,1,1.0,1,1,1.0
637,We were glad what to do.,0,0.0,0,0,0.0
638,Every man who saw the fly in the food didn't eat dinner.,1,1.0,1,0,1.0
639,Jason intended for PRO to learn magic.,0,1.0,1,0,1.0
640,John drove the car.,1,1.0,1,1,1.0
641,The garden is swarming with bees.,1,1.0,1,1,1.0
642,They can happy.,0,0.0,0,0,0.0
643,I believed these students to all like John.,1,1.0,1,0,1.0
644,Reports of which the government prescribes the height of the Lettering on the covers are invariably boring.,0,1.0,0,1,1.0
645,He was talkative.,1,1.0,1,1,1.0
646,The magician echoed the music.,0,1.0,1,1,1.0
647,What do you remember where we bought?,0,0.0,0,0,0.0
648,Mary has never kissed a man taller than John is.,0,1.0,1,1,1.0
649,The luscious chick who Billy went to the movies with will wed me ere the morn.,1,1.0,1,0,1.0
650,Nathan showed to Benjamin it.,0,0.0,0,0,0.0
651,The song sang.,0,0.0,1,0,0.0
652,I broke twigs off of those branches.,1,1.0,1,1,1.0
653,The experts attributed Raphael this picture.,0,0.0,0,0,0.0
654,"That Betsy won the batting crown is not surprising, but that Peter didn't know she did is surprising.",1,1.0,1,1,1.0
655,It was in 1997 when the IN introduced the alien registration receipt card.,1,1.0,0,1,1.0
656,The gun and a description of itself lay on the bureau.,0,1.0,0,1,1.0
657,There sang a man with a pipe.,0,1.0,1,1,1.0
658,Last year I saw this film several times.,1,1.0,1,1,1.0
659,Maxwell is quite the doctor.,1,1.0,1,1,1.0
660,The company in which they have invested left.,1,1.0,1,1,1.0
661,I put the milk in the fridge.,1,1.0,1,1,1.0
662,He treats John very kind.,0,0.0,0,0,0.0
663,Speaking not English is a disadvantage.,0,0.0,0,0,0.0
664,Martha said John sang the aria from La Bohème.,1,1.0,1,1,1.0
665,The gentleman who saved Marianne was Willoughby.,1,1.0,1,1,1.0
666,This is the friend for whose mother Kim gave a party.,1,1.0,1,1,1.0
667,I considered Fred crazy.,1,1.0,1,1,1.0
668,The chickens seem fond with the farmer.,0,0.0,0,0,0.0
669,The world saw the beginning of a new era in 1492.,1,1.0,1,1,1.0
670,Is Mary running the marathon?,1,1.0,1,1,1.0
671,They told Angelica to arrive early for the award.,1,1.0,1,1,1.0
672,"The more that John gets upset by them, the more that stories about himself seem to show up in the news.",0,1.0,1,1,1.0
673,Everything was paid twice for.,0,0.0,0,0,0.0
674,They lent me with a bicycle.,0,0.0,0,0,0.0
675,Who did Herb believe the claim that cheated?,0,0.0,0,0,0.0
676,It is put a picture of Bill on your desk before tomorrow that this girl in the red coat will.,0,0.0,0,0,0.0
677,The mother of the boy and the girl are arriving soon.,1,0.0,0,0,0.0
678,Lora buttered at the toast with unsalted butter.,0,0.0,0,0,0.0
679,The truck spread salts.,1,1.0,1,0,1.0
680,Martha carved a toy out of a piece of wood for the baby.,1,1.0,1,1,1.0
681,More of a man is here.,0,1.0,1,1,1.0
682,What the gloves and were on the table was this hat.,0,0.0,0,0,0.0
683,Agamemnon stopped Jason from casting the spell,1,0.0,0,0,0.0
684,John perfectly learned French.,0,1.0,0,1,1.0
685,"The more that pictures of himself appear in the news, the more embarrassed John becomes.",1,1.0,1,1,1.0
686,I didn't eat any ice cream and any cake.,0,0.0,0,0,0.0
687,the book with a red cover of poems from Blackwell by Robert Burns takes a very long time to read.,0,0.0,0,0,0.0
688,What can the child read?,1,1.0,1,1,1.0
689,We contributed her our paycheck.,0,0.0,0,0,0.0
690,She asked a man who was near the window whether it looked like rain.,1,1.0,1,1,1.0
691,With this chainsaw we felled the murder.,1,0.0,0,0,0.0
692,I prefer for Mary to run.,1,1.0,1,1,1.0
693,I won't reveal the place.,1,1.0,1,1,1.0
694,It occurred to Pat that Chris knew the answer.,1,1.0,1,1,1.0
695,"Elmer finished the cake and John did too, finish the cake.",1,0.0,0,0,0.0
696,Sharon shivered.,1,1.0,1,1,1.0
697,"I don't plan to lock the door, no matter how fancy this hotel is.",1,1.0,1,1,1.0
698,Felicia shipped the box off the shelf.,0,1.0,1,1,1.0
699,"When it rains harder, how much faster a flow appears in the river?",1,0.0,0,1,0.0
700,That Captain Wentworth married Anne astonished her father.,1,1.0,1,1,1.0
701,John must do not have eaten.,0,0.0,0,0,0.0
702,Caesar put a gushing fountain by his palace.,1,1.0,1,1,1.0
703,Bob Dylan is Robert Zimmerman.,1,1.0,1,1,1.0
704,Who was for Medea to poison awful?,0,0.0,0,0,0.0
705,There stood on the comer a statue of Jefferson.,1,0.0,0,0,0.0
706,John believes that Fred likes steak that Joe likes pizza.,0,0.0,0,0,0.0
0,Talkative and a bully entered.,0,0.0,0,0,0.0
1,The horse wouldn't budge.,1,1.0,1,1,1.0
2,John looked up the meaning of ` chanson '.,1,0.0,0,1,0.0
3,How happy has John been?,1,1.0,1,1,1.0
4,Students enter high-level educational institutions might face many problems relating to study habits.,1,0.0,0,0,0.0
5,Where and when did Bill put the book?,0,1.0,1,1,1.0
6,"John could bake something, but I'm not sure what.",1,1.0,1,1,1.0
7,I love her so much.,1,1.0,1,1,1.0
8,He kicked him,1,0.0,0,1,0.0
9,They kicked himself,0,0.0,0,0,0.0
10,Bill was bitten the dog.,0,0.0,0,0,0.0
11,This is the book which I need to read.,1,1.0,1,1,1.0
12,Who did you wonder if came?,0,0.0,0,1,0.0
13,the girls likes yourselves.,0,0.0,0,0,0.0
14,John a decidedly taller man than Bill.,1,0.0,0,0,0.0
15,Paul breathed at Mary.,0,0.0,1,0,0.0
16,They shaved David and Anson.,0,1.0,1,1,1.0
17,We sleep five people in each room.,1,1.0,0,0,0.0
18,In the box put John the book.,0,0.0,0,0,0.0
19,The boys will all be there.,1,1.0,1,1,1.0
20,I read some book.,0,0.0,1,0,0.0
21,John seems know about the bananas.,0,0.0,0,0,0.0
22,The capital was gathered near by a crowd of people.,0,1.0,0,0,0.0
23,"John, who and whose friends you saw, is a fool.",0,0.0,1,0,0.0
24,It and that he loved another was painfully evident that she loved him.,0,0.0,0,0,0.0
25,Mary got heard to insult her parents.,0,0.0,0,0,0.0
26,Julius Caesar murdered.,0,0.0,0,0,0.0
27,I love but you hate ice milk tea.,1,0.0,1,0,0.0
28,Harry got to be as much of the celebrity as his father.,0,1.0,1,1,1.0
29,I gave a gun to my brother which I had cleaned.,1,1.0,1,1,1.0
30,It tried to be intelligent.,0,1.0,1,1,1.0
31,I hunted for game in the woods.,0,1.0,1,1,1.0
32,We investigated for bombs in the area.,0,1.0,1,1,1.0
33,John said if Heidi was obsessed with broccoli.,0,0.0,0,1,0.0
34,Fanny continued talking although in came Aunt Norris.,0,0.0,1,0,0.0
35,We believed to be the headmaster,0,0.0,0,0,0.0
36,Rutherford is understood. by himself.,0,0.0,0,0,0.0
37,Tony bent the rod with pliers.,1,1.0,1,1,1.0
38,Frank gave a piano to Jane Fairfax.,1,1.0,1,1,1.0
39,John promised Mary to shave herself.,0,0.0,0,0,0.0
40,"The richer he gets, the more John meets geniuses.",0,1.0,1,1,1.0
41,Who do you think that will question Seamus first?,0,0.0,0,1,0.0
42,Frank threw himself into the sofa.,1,1.0,1,1,1.0
43,I am more angry than sad.,1,1.0,1,1,1.0
44,The kennel which Mary made and Fido sleeps in has been stolen.,1,1.0,1,0,1.0
45,Beth tried for Bill to ask a question.,0,0.0,1,0,0.0
46,Mika loved the policeman intensely and Susan did so half heartedly.,1,1.0,0,0,0.0
47,Oliver fined ten pounds to the prisoner.,0,0.0,0,0,0.0
48,the book of poems and of fiction from Blackwell takes a very long time to read.,1,0.0,0,0,0.0
49,The average age at which people begin to need eyeglasses vary considerably.,0,0.0,0,0,0.0
50,Lilly should buy salmon and Mary should buy salmon too.,1,1.0,1,1,1.0
51,"Tom, Dick, and Harry know it.",1,1.0,1,1,1.0
52,John can to kick the ball.,0,0.0,0,0,0.0
53,The king kept put his gold under the bathtub.,0,0.0,0,0,0.0
54,The kids were failed as a father.,0,0.0,0,0,0.0
55,The hare outran the tortoise by so much that he forgot the latter was even in the race any more.,1,1.0,1,1,1.0
56,Ad agencies call young people Generation X-ers.,1,1.0,1,1,1.0
57,Gilgamesh decided not to kill Ishtar,1,0.0,0,0,0.0
58,I washed me.,0,0.0,0,0,0.0
59,Here's a razor for it to be announced that you will be shaved with.,0,0.0,0,0,0.0
60,He turned from a prince.,0,1.0,0,0,0.0
61,The phone company billed $10 to me.,0,1.0,1,1,1.0
62,John slipped in front of anyone who was there.,0,1.0,1,1,1.0
63,They read the every book.,0,0.0,0,0,0.0
64,Who did Plato listen to DP Demosthenes' oration about?,0,0.0,0,0,0.0
65,Bill is drying the line with a lot of clothes.,0,1.0,0,1,1.0
66,Was the piano bought for Jane by Frank?,1,1.0,1,1,1.0
67,The men chuckle,1,0.0,0,0,0.0
68,Carla slid at the book to Dale.,0,0.0,0,0,0.0
69,"So that he could escape, Jason became invisible",1,1.0,0,0,0.0
70,They represented seriously Mary as a genuine linguist.,0,0.0,0,0,0.0
71,"They can't do it, can't they?",0,0.0,0,0,0.0
72,Everyone thinks he is smart.,1,1.0,1,1,1.0
73,"John asked me to put the clothes in the cupboard, but I did so put the clothes in the suitcase.",0,0.0,0,0,0.0
74,Selina touched the horse on the back.,1,1.0,1,1,1.0
75,Terry touched Bill on the shoulder.,1,1.0,1,1,1.0
76,I polished the vase which was from India up.,0,0.0,0,0,0.0
77,He loves him,1,0.0,0,0,0.0
78,"Gilgamesh wanted to seduce Ishtar, and seduce Ishtar he did .",1,0.0,1,0,0.0
79,How hard to read the book was it?,0,0.0,0,0,0.0
80,Why do you wonder whether she will invite me?,1,1.0,1,1,1.0
81,He used to go there very often.,1,1.0,1,1,1.0
82,The boys swim.,0,1.0,1,1,1.0
83,I have some papers to try to finish grading.,1,1.0,1,1,1.0
84,"The more that John gets upset by them, the more that stories about him seem to show up in the news.",1,1.0,1,1,1.0
85,I pushed on the table.,1,1.0,1,1,1.0
86,You should unload rifles because not to s is dangerous.,1,0.0,0,0,0.0
87,Avoid double negatives.,1,1.0,1,1,1.0
88,work out an analysis that is typical of this view of understood subjects.,1,0.0,0,0,0.0
89,There will be the hole in Jack's pocket.,0,0.0,1,0,0.0
90,Carla poured the pitcher with lemonade.,0,0.0,0,1,0.0
91,John would be hated to win.,0,0.0,0,0,0.0
92,"I acknowledged that my father, he was tight as an owl.",0,1.0,0,0,0.0
93,Ellen argued Helen.,0,0.0,0,0,0.0
94,Not until I was perhaps twenty-five was when I read them and enjoyed them.,0,0.0,0,0,0.0
95,John spoke French to Mary intimately.,1,1.0,1,1,1.0
96,I loaned Maggie a Swiss Army knife whose to open the padlock with corkscrew.,0,0.0,0,0,0.0
97,The cook saved no scraps for the dog.,1,1.0,1,1,1.0
98,Hail stones broke the window.,1,1.0,1,1,1.0
99,Brown equipped Jones a camera.,0,0.0,0,0,0.0
100,His hen loves Anson.,1,1.0,1,1,1.0
101,As much of a man is here.,0,0.0,0,0,0.0
102,The boy whose uncle and Tom's aunt's grandmother were kissing was furious.,0,1.0,1,1,1.0
103,The trail we walked today was built by slave labor.,1,1.0,1,1,1.0
104,John saw the man in the room.,1,1.0,1,1,1.0
105,There is a bench for you to sit on.,1,1.0,1,1,1.0
106,"You didn't leave, left you?",0,0.0,0,0,0.0
107,John believes that Fred likes steak that Joe likes pizza.,0,0.0,0,0,0.0
108,The cat seems to be out of the bag.,1,1.0,1,1,1.0
109,Why don't you leaving me concentrate on my work?,0,0.0,0,0,0.0
110,The box contained the ball to the ground.,0,0.0,0,0,0.0
111,"It is not entirely obvious if, Mary listens to the Grateful Dead, she gets depressed.",0,0.0,0,0,0.0
112,I said that Mary signed my yearbook.,1,1.0,1,1,1.0
113,The problem is easy to solve.,1,1.0,1,1,1.0
114,That the march should go ahead and that it should be cancelled has been argued by different people at different times.,0,1.0,1,1,1.0
115,The music lent a festive air to the party.,1,1.0,1,1,1.0
116,That's an obviously so good solution.,0,0.0,0,0,0.0
117,"While Doc might claim that Bob had read his book, he won't the paper.",0,0.0,0,0,0.0
118,Janet broke at the bread.,0,0.0,0,0,0.0
119,Medea wondered if that the potion was ready,0,0.0,0,0,0.0
120,The constant rain forced the abandonment of the next day's competitions.,1,1.0,1,1,1.0
121,Which celebrity did he mention that he had run into?,1,1.0,1,1,1.0
122,Wash yourselves.,1,1.0,1,1,1.0
123,I sent him it.,0,1.0,1,0,1.0
124,Cities destroy easily.,0,0.0,1,0,0.0
125,We wonder whether Bill left.,1,1.0,1,1,1.0
126,much tool is needed.,0,0.0,0,0,0.0
127,Anson saw Anson.,1,1.0,1,1,1.0
128,The twig and the branch broke.,0,1.0,1,1,1.0
129,Lucy's Gomez's wallet,0,0.0,0,0,0.0
130,Maxwell isn't half the doctor that his sister is a psychologist and his father was.,0,1.0,0,0,0.0
131,John loves pictures of himself.,1,1.0,1,1,1.0
132,I can well imagine with a hatchet Mary destroying the Jeep.,0,1.0,0,0,0.0
133,How brave he is!,1,1.0,1,1,1.0
134,I want for nobody to hate me.,1,1.0,1,0,1.0
135,"Who would Poseidon run away, if the executioner murdered?",0,0.0,0,0,0.0
136,It's arrived first that Julie and Jenny,0,0.0,0,0,0.0
137,Mary should buy some flowers some bread.,0,0.0,0,0,0.0
138,This oven cooks well.,1,1.0,1,1,1.0
139,Sharon flinched at the sight of the accident.,1,1.0,1,1,1.0
140,I know a man who hates myself.,0,0.0,0,0,0.0
141,I separated the yolk from the white.,1,1.0,1,1,1.0
142,There ran many people.,0,1.0,0,0,0.0
143,Some sentences can go on.,1,1.0,1,1,1.0
144,John spoke to Mary intimately.,1,1.0,1,1,1.0
145,A mile to work was run by him.,0,1.0,1,0,1.0
146,News of Persephone and Demeter reach the great gods and goddesses of Olympus.,1,0.0,0,0,0.0
147,Anson believed Jenny to have hurt himself.,0,0.0,0,0,0.0
148,Mary talks to any student.,1,1.0,1,1,1.0
149,There seems to stab an animal.,0,0.0,0,0,0.0
150,Lora buttered the toast.,1,1.0,1,1,1.0
151,The witch turned him from a prince.,0,1.0,1,0,1.0
152,Jean wants herself to dance.,1,1.0,1,1,1.0
153,The window broke from the force of the wind.,1,1.0,1,1,1.0
154,Six inches were grown by the boy.,0,1.0,1,0,1.0
155,Andy gives freely of his time.,1,1.0,1,1,1.0
156,The volcano erupts on Tuesday.,0,1.0,1,1,1.0
157,Leigh threw the ball to Lane.,1,1.0,1,1,1.0
158,Jill offered the ball towards Bob.,0,0.0,0,1,0.0
159,The cat had been eating.,1,1.0,1,1,1.0
160,Agamemnon seemed that left.,0,0.0,0,0,0.0
161,Mary didn't see almost every flower.,0,1.0,1,1,1.0
162,The equipment we bought last year was more expensive than the one we bought this year.,0,1.0,1,0,1.0
163,The horse jumped out of the stream.,1,1.0,1,1,1.0
164,The lions ate at the meat raw.,0,0.0,0,0,0.0
165,Did he try to ever be attentive to the needs of students?,1,1.0,1,0,1.0
166,Who showed what to who?,1,1.0,0,0,0.0
167,Groceries are bulging in the bag.,0,1.0,1,1,1.0
168,Mary wonders for Bill to come.,0,0.0,0,0,0.0
169,To win the prize :would thrill me.,1,0.0,0,0,0.0
170,Oliver fined ten pounds to the prisoner.,0,0.0,0,0,0.0
171,John learned French perfectly immediately.,1,1.0,1,0,1.0
172,What table will he put the chair between and some sofa.,0,0.0,0,0,0.0
173,John's refusing the offer is shocking.,1,1.0,1,1,1.0
174,The man who I read a statement which was about is sick.,0,0.0,0,0,0.0
175,Mary would solve the problem.,1,1.0,1,1,1.0
176,Spot ate a cat treat.,1,1.0,1,1,1.0
177,I know a man who Bill saw and liked Mary.,0,0.0,0,0,0.0
178,Peter thinks that Cathy loves him.,1,1.0,1,1,1.0
179,Spray the wall with all the paint.,0,1.0,1,1,1.0
180,The song sang.,0,0.0,1,0,0.0
181,I have a book.,1,1.0,1,1,1.0
182,He figured out that.,0,0.0,0,0,0.0
183,He in the doorway waved to his father.,0,0.0,1,0,0.0
184,The president declared Smith as press secretary.,0,1.0,1,1,1.0
185,The effectiveness of teaching and learning depends on several factors.,1,1.0,1,1,1.0
186,What is to come is in this document.,1,1.0,1,1,1.0
187,"They said that Tom would pay up, and pay up it is well-known that he did.",1,0.0,0,0,0.0
188,I'm glad he bought a car.,1,1.0,1,1,1.0
189,John knows whose book Mary bought and Tom talked.,0,0.0,0,0,0.0
190,The employees staffed the store.,1,1.0,1,1,1.0
191,We believed it to be a fountain in the park.,0,1.0,1,1,1.0
192,John concluded Bill to be a fool.,0,1.0,1,1,1.0
193,Tall books stand on tables easily.,0,1.0,1,1,1.0
194,I have some papers to announce that I've got to grade.,0,1.0,0,1,1.0
195,The owl hated the evil and the wise eagle.,0,1.0,1,1,1.0
196,"If my father, he comes home late, my mother always grills him.",0,0.0,0,0,0.0
197,"They failed to tell me which problem I'll beat the competition more easily, the sooner I solve.",0,0.0,0,0,0.0
198,"Although no one else believes it, Harry believes that Sally is innocent.",1,1.0,1,1,1.0
199,The men were arrested all.,0,0.0,0,0,0.0
200,John couldn't visit Sally.,1,1.0,1,1,1.0
201,John and Mary will play with Henry and with Sue.,1,1.0,1,1,1.0
202,The lesson got read by a priest.,0,1.0,1,1,1.0
203,She always wore herself.,0,1.0,0,0,0.0
204,Which book and which pencil did John buy?,1,1.0,1,1,1.0
205,I said that that Jason was jealous annoyed Medea,0,0.0,0,0,0.0
206,The writers didn't so believe the boy.,0,0.0,0,0,0.0
207,The green loved peanut butter cookies.,0,0.0,0,0,0.0
208,The sheep cry,1,0.0,1,0,0.0
209,John saw Stephan,1,0.0,0,0,0.0
210,Show me the folder in which you stored the documents.,1,1.0,1,1,1.0
211,The president appointed press secretary to Smith.,0,0.0,0,0,0.0
212,A bicycle lent to me.,0,0.0,0,0,0.0
213,That arrows don't stop in midair is captured by this theory.,1,1.0,1,1,1.0
214,It's high time Fiona gets a job.,0,0.0,1,1,1.0
215,Talkative and a bully entered.,0,0.0,0,0,0.0
216,I sought the woods for game.,0,1.0,1,1,1.0
217,"Sally might be, and everyone believes Sheila definitely is, pregnant.",1,1.0,1,1,1.0
218,Phyllis lingered Sasha over lunch.,0,0.0,0,0,0.0
219,A job offered to her.,0,0.0,0,0,0.0
220,Catherine did her homework.,1,1.0,1,1,1.0
221,He is reputed to be a good scholar.,1,1.0,1,1,1.0
222,"Kim went to the store, and then Lou.",1,0.0,0,0,0.0
223,Gene Simmons was originally named Haim Goldberg.,1,1.0,1,1,1.0
224,How have you picked up TNT carelessly?,0,1.0,1,1,1.0
225,"The dumplings which Sasha is gobbling down faster than I can reheat them are extremely tasty, if I do say so.",1,1.0,1,1,1.0
226,What did Bill buy potatoes and?,0,0.0,0,0,0.0
227,The rock placed the sky with the fork.,0,0.0,0,0,0.0
228,I saw the brilliant one.,1,1.0,1,1,1.0
229,She knocked himself on the head with a zucchini.,0,0.0,0,0,0.0
230,Tom told anybody that he wasn't sick.,0,0.0,1,0,0.0
231,Hunger fainted Sharon.,0,0.0,0,0,0.0
232,Some of the soup needs more salt.,1,1.0,1,1,1.0
233,John offers few advice.,0,0.0,0,0,0.0
234,They think she is too much happy.,0,0.0,0,0,0.0
235,Cynthia nibbled the carrot .,1,1.0,1,0,1.0
236,He is believed by John to have been at the game.,1,1.0,1,1,1.0
237,Carrie touched the stick into the cat.,0,0.0,0,0,0.0
238,John wanted to leave the room happy and leave the room he did happy.,0,0.0,0,0,0.0
239,"Of Bill on, this girl in the red coat will put a picture of Bill on your desk before tomorrow.",0,1.0,0,0,0.0
240,Syntax is easy to pretend that you can teach.,1,0.0,1,0,0.0
241,Mary is taller than six feet.,1,1.0,1,1,1.0
242,The hardest that I ever knew a man who said that it had snowed was last January 12th.,0,0.0,0,0,0.0
243,Which poem did you hear Homer's recital of last night?,0,1.0,1,1,1.0
244,This is a problem that you'll be able to tell the folks up at corporate headquarters to buzz off if you solve it.,1,0.0,0,1,0.0
245,John told.,1,0.0,0,0,0.0
246,Fabio asked had if Claus run a marathon.,0,0.0,0,0,0.0
247,Who did you believe that to kiss seemed wrong?,0,0.0,0,0,0.0
248,Ellen conferred Helen.,0,0.0,0,0,0.0
249,I wonder if you'd be kind enough to give us information.,1,1.0,1,1,1.0
250,Here is the snowball which I chased the boy who threw at our teacher.,0,0.0,0,0,0.0
251,It was over the hill and through the woods that they came running,1,0.0,0,1,0.0
252,Books send easily to children.,0,0.0,0,0,0.0
253,Who do you think that saw Bill?,0,0.0,0,0,0.0
254,"The more he eats, the poorer he knows a woman that gets.",0,0.0,0,0,0.0
255,That the answer is obvious upset Hermes.,1,0.0,1,0,0.0
256,"It is important the more you eat, the more careful you to be.",0,0.0,0,0,0.0
257,Jean reads never this newspaper.,0,0.0,0,0,0.0
258,The fact that the scientists used the latest technology to verify was reported at the recent conference.,1,0.0,0,0,0.0
259,Mary has more than two friends.,1,1.0,1,1,1.0
260,John would be hated to win.,0,0.0,0,0,0.0
261,"I can well imagine if he eats more, him getting fat.",0,0.0,0,0,0.0
262,Jane Fairfax seemed upset.,1,1.0,1,1,1.0
263,John deposited some money in the bank.,1,1.0,1,1,1.0
264,What the hell do you wonder how to say?,0,,0,1,0.0
265,Tony broke the wall with the cup.,0,1.0,1,1,1.0
266,"He never achieved anything, didn't he?",0,0.0,0,1,0.0
267,A student must work hard.,1,1.0,1,1,1.0
268,He will can go,1,0.0,0,0,0.0
269,Man the ball kicked the.,0,0.0,0,0,0.0
270,I've kicked more of a man than you have.,0,1.0,1,0,1.0
271,"When did Fanny return, she found Tom Bertram very ill.",0,0.0,0,0,0.0
272,I wonder who what bought?,0,0.0,0,0,0.0
273,"Although he loves marshmallows, John is not a big fan of chocolate.",1,1.0,1,1,1.0
274,Mary has more than two friends.,1,1.0,1,1,1.0
275,Mary regretted that she did anything to help him.,1,1.0,1,1,1.0
276,John wills leave the party early.,0,0.0,0,0,0.0
277,The boy whose uncle and Tom's aunt's grandmother were kissing was furious.,0,1.0,1,1,1.0
278,"They can't stand each other, them.",0,0.0,0,0,0.0
279,The room was left angry.,0,0.0,0,0,0.0
280,To go and buying whiskey is not the solution to your problem.,0,0.0,0,0,0.0
281,Which celebrity did he mention the fact that he had run into?,0,0.0,0,0,0.0
282,John studied carefully Russian.,0,0.0,0,0,0.0
283,Teresa bottle fed the baby.,1,1.0,1,1,1.0
284,The problem is easy to solve the question.,0,0.0,0,0,0.0
285,Every boy named a planet.,1,1.0,1,1,1.0
286,John sounded in the park.,0,0.0,0,0,0.0
287,Michael abandoned an old friend at Mardi Gras,1,0.0,0,0,0.0
288,John saw Stephan,1,0.0,0,0,0.0
289,the book with a red cover from Blackwell of poems by Robert Burns takes a very long time to read.,0,0.0,0,0,0.0
290,Steve tossed the ball.,1,1.0,1,1,1.0
291,Richard is going to chop some wood.,1,1.0,1,1,1.0
292,Every photo of Max and sketch by his students appeared in the magazine.,1,1.0,1,1,1.0
